jurisdiction,speeches,speakers,years_observed,mean_hawkishness,median_hawkishness,mean_mixedness,mean_signal_strength,central_bank,years_with_3plus_speeches,annual_tone_sd,annual_tone_range,bootstrap_ci_lower,bootstrap_ci_upper
United States,2061,68,31,0.45799665,0.46324053,0.79060138,0.55053347,Board of Governors of the Federal Reserve System,30,0.04781536,0.21314321,0.45241947,0.46356864
India,811,43,31,0.44881493,0.45767526,0.76234033,0.52314242,Reserve Bank of India,30,0.04498278,0.15090542,0.43892082,0.45829966
Japan,780,47,31,0.40587752,0.40637553,0.75479889,0.56262694,Bank of Japan,30,0.07102283,0.27215075,0.39744897,0.41466187
Germany,779,32,31,0.45425823,0.45386434,0.77606786,0.49263819,Deutsche Bundesbank,30,0.04712014,0.20897922,0.44479255,0.46377850
United Kingdom,751,43,31,0.46252461,0.46978117,0.79825042,0.50570883,Bank of England,30,0.04210153,0.15825318,0.45305321,0.47100340
Canada,594,29,30,0.47498120,0.47800807,0.81202287,0.54202895,Bank of Canada,30,0.05753732,0.24439765,0.46547165,0.48498244
Australia,534,18,30,0.45981739,0.46127533,0.79894318,0.55839888,Reserve Bank of Australia,30,0.06174394,0.21441849,0.45004667,0.46980929
Sweden,495,25,30,0.50341709,0.51654023,0.84719371,0.52522024,Sveriges Riksbank,30,0.03959860,0.16527925,0.49363222,0.51203040
South Africa,397,12,30,0.50463402,0.51797370,0.82466525,0.55581281,South African Reserve Bank,29,0.04622537,0.20980891,0.49375906,0.51638066
Switzerland,386,18,30,0.44472463,0.44588207,0.77338673,0.50914885,Swiss National Bank,28,0.07360743,0.28472367,0.43072461,0.45865146
Italy,384,19,29,0.44106228,0.43570950,0.78097183,0.55155540,Bank of Italy,26,0.04560026,0.19702064,0.42955782,0.45307203
France,379,11,30,0.44182622,0.44134650,0.77656066,0.50063169,Bank of France,27,0.07017449,0.27000379,0.42896713,0.45452021
Philippines,377,7,21,0.44027538,0.44122962,0.74793015,0.54511739,Bangko Sentral ng Pilipinas,21,0.07996984,0.29739358,0.42592599,0.45517472
Ireland,318,16,28,0.45038041,0.45150748,0.73765620,0.54278356,Central Bank of Ireland,25,0.06348503,0.23777628,0.43284460,0.46604383
Spain,310,12,27,0.42789329,0.42158399,0.74353858,0.56153437,Bank of Spain,23,0.06896603,0.24596566,0.41251851,0.44387357
Norway,301,9,28,0.52987559,0.53691435,0.82579782,0.57833542,Norges Bank,28,0.07511134,0.29692719,0.51815224,0.54201988
Albania,266,8,24,0.41058860,0.39651835,0.73992044,0.53719830,Bank of Albania,23,0.06938630,0.22879771,0.39482188,0.42671474
Malaysia,206,22,27,0.42155353,0.40054406,0.64101634,0.60603841,Central Bank of Malaysia,25,0.08956834,0.38544857,0.39624128,0.44863401
New Zealand,199,15,30,0.46410565,0.47962207,0.80412563,0.54335214,Reserve Bank of New Zealand,27,0.05631456,0.23705541,0.44745042,0.48045601
Thailand,192,16,26,0.44136245,0.44542867,0.75656278,0.55245772,Bank of Thailand,21,0.07537022,0.29720531,0.42026289,0.46201313
Finland,191,8,27,0.43907264,0.42974374,0.76203662,0.50362559,Bank of Finland,20,0.08688964,0.27556930,0.41882926,0.45866317
Singapore,177,17,28,0.47166266,0.47303407,0.70489878,0.57601576,Monetary Authority of Singapore,23,0.08746567,0.36312582,0.44565966,0.49843147
Netherlands,175,12,30,0.47635801,0.47419927,0.72819722,0.53578243,Netherlands Bank,23,0.09079065,0.39368932,0.45196425,0.50099978
Greece,169,11,28,0.40914228,0.39713484,0.72428951,0.59317009,Bank of Greece,18,0.09290990,0.34983300,0.38692605,0.43127330
Chile,146,11,23,0.51503449,0.52796847,0.84145936,0.53031365,Central Bank of Chile,20,0.06426329,0.30654373,0.49897534,0.53142782
Serbia,132,6,21,0.44330570,0.43560238,0.76530910,0.60007551,National Bank of Serbia,17,0.07908462,0.27405753,0.41968815,0.46641915
Mauritius,117,10,25,0.42568869,0.42463371,0.72467924,0.48047929,Bank of Mauritius,19,0.08566147,0.33952558,0.39643847,0.45530846
Türkiye,106,9,24,0.53925975,0.53347565,0.83478875,0.57751624,Central Bank of the Republic of Turkey,16,0.04373329,0.17471006,0.52150420,0.55752523
Denmark,104,9,26,0.48138484,0.47536539,0.77391822,0.61433929,National Bank of Denmark,19,0.10006419,0.38507167,0.45285857,0.50838626
China,103,19,21,0.36443349,0.35327933,0.64232671,0.56055522,People's Bank of China,15,0.09874643,0.34869638,0.33305986,0.39493142
South Korea,103,10,25,0.44870719,0.44322822,0.78786696,0.51964362,Bank of Korea,17,0.05885618,0.22065822,0.42647603,0.47197367
Zambia,102,7,17,0.41177347,0.38574293,0.67875738,0.61746934,Bank of Zambia,10,0.05400626,0.16452091,0.38038569,0.44498601
Uganda,101,5,17,0.42517442,0.43687737,0.73550457,0.54376107,Bank of Uganda,15,0.06598112,0.27285084,0.39541716,0.45404391
Israel,92,7,20,0.41524759,0.39597883,0.76189152,0.54392672,Bank of Israel,13,0.03478037,0.11809685,0.39249349,0.43931533
Iceland,92,13,26,0.52053272,0.53050969,0.84682817,0.51978232,Central Bank of Iceland,15,0.05409789,0.15638334,0.50003220,0.53796171
Mexico,89,10,15,0.48723461,0.50438834,0.81969949,0.56912569,Bank of Mexico,11,0.07559952,0.25444274,0.46243018,0.50951428
Pakistan,89,8,17,0.42729327,0.44265257,0.72179462,0.56394854,State Bank of Pakistan,11,0.10581902,0.30582493,0.39074292,0.46029478
Austria,80,6,27,0.43893967,0.45647441,0.80762717,0.50383367,Austrian National Bank,15,0.07541619,0.29165284,0.41522475,0.46288074
Fiji,78,5,17,0.41681020,0.41163194,0.67768634,0.59229414,Reserve Bank of Fiji,10,0.07652883,0.24475889,0.37786821,0.45898569
Kenya,76,6,16,0.39603048,0.37829503,0.62866026,0.54716374,Central Bank of Kenya,9,0.09375000,0.30665565,0.35136866,0.44006859
North Macedonia,70,7,19,0.42319882,0.42972672,0.74877128,0.49516316,National Bank of the Republic of Macedonia,12,0.08161921,0.28195015,0.39365066,0.45178733
Trinidad and Tobago,67,6,16,0.42377376,0.42238124,0.72406273,0.57031294,Central Bank of Trinidad and Tobago,11,0.05717697,0.18346293,0.38940857,0.46099038
Portugal,67,8,17,0.41123693,0.42514817,0.74173112,0.50462813,Bank of Portugal,9,0.09779684,0.37474988,0.38047685,0.44298728
Czechia,61,9,23,0.46972401,0.47889642,0.82134333,0.47646659,Czech National Bank,8,0.06056069,0.18370083,0.44360491,0.49767431
Malta,58,4,23,0.42777697,0.41696867,0.77347287,0.57481942,Central Bank of Malta,12,0.06443816,0.17550713,0.39555307,0.45818861
Barbados,57,9,21,0.42362352,0.41058332,0.67267853,0.52220674,Central Bank of Barbados,12,0.07500567,0.27307614,0.37478778,0.46920054
Romania,56,6,19,0.47956225,0.48434859,0.80217806,0.53129589,National Bank of Romania,8,0.05438377,0.16304553,0.44519806,0.51130234
Indonesia,53,12,22,0.44201513,0.45264411,0.78714618,0.58287505,Bank Indonesia,7,0.04151088,0.12810286,0.40924105,0.47693320
Sri Lanka,52,11,15,0.46495164,0.48594027,0.75497905,0.50490707,Central Bank of Sri Lanka,7,0.06373057,0.16737837,0.42527480,0.50353078
Papua New Guinea,42,7,18,0.41782313,0.43188969,0.73631815,0.53938938,Bank of Papua New Guinea,7,0.09776614,0.28094741,0.37372875,0.46007106
Botswana,41,3,19,0.38804241,0.38184731,0.69667077,0.52262454,Bank of Botswana,4,0.07604332,0.17911325,0.34671485,0.42873590
Ghana,40,9,12,0.40990785,0.41652075,0.70274625,0.53951159,Bank of Ghana,5,0.03058169,0.07301689,0.35845807,0.46426231
Russia,38,4,9,0.49440673,0.49211514,0.80650478,0.60360936,Bank of Russia,5,0.06683223,0.17287813,0.45657116,0.53256623
Bulgaria,38,5,13,0.43030621,0.43820897,0.76263937,0.51067000,Bulgarian National Bank,7,0.10091920,0.31692798,0.38963394,0.47144908
Luxembourg,37,2,11,0.44321680,0.43596876,0.78151789,0.49295211,Central Bank of Luxembourg,5,0.05048435,0.12909759,0.40233649,0.48277781
Belgium,35,4,16,0.45039878,0.45665799,0.79076823,0.49588998,National Bank of Belgium,5,0.03661231,0.09614268,0.40981940,0.49166217
Ukraine,35,5,8,0.49301894,0.49607720,0.81498138,0.62642734,National Bank of Ukraine,5,0.10410482,0.28134612,0.45352580,0.52816454
Argentina,31,6,9,0.49820913,0.51153100,0.88522340,0.48750844,Central Bank of Argentina,3,0.01822326,0.03357047,0.47142479,0.52052391
Nigeria,28,7,13,0.39916549,0.39901771,0.72039539,0.58475794,Central Bank of Nigeria,4,0.11437648,0.26675624,0.35467098,0.44888428
Jamaica,25,3,9,0.46328107,0.45353344,0.73051710,0.57379910,Bank of Jamaica,5,0.14596527,0.33524523,0.40341245,0.52478526
Estonia,19,5,15,0.47724295,0.46771617,0.75027644,0.53725634,Bank of Estonia,1,,0.00000000,0.41211589,0.55026894
Lithuania,19,4,6,0.35214609,0.37202769,0.64456758,0.52801288,Bank of Lithuania,4,0.13383699,0.30085077,0.28963161,0.41953015
Namibia,18,6,12,0.49365668,0.46498931,0.71360797,0.57616986,Bank of Namibia,1,,0.00000000,0.41771458,0.58619364
Kosovo,18,2,6,0.37459592,0.36967100,0.63569060,0.62636394,Central Bank of the Republic of Kosovo,4,0.08934027,0.19725046,0.29309545,0.46204758
Poland,17,3,3,0.50705117,0.51011222,0.85913246,0.54111314,National Bank of Poland,2,0.01810483,0.02560409,0.46641888,0.54849152
Saudi Arabia,16,5,9,0.42969394,0.43821636,0.71031377,0.62549506,Saudi Arabian Monetary Agency,1,,0.00000000,0.35233275,0.50724715
Cyprus,15,4,6,0.41622701,0.45598182,0.73532362,0.48221950,Central Bank of Cyprus,2,0.01405048,0.01987038,0.34192767,0.48317312
Slovenia,15,5,6,0.42303368,0.33797216,0.66487191,0.57558221,Bank of Slovenia,2,0.13820497,0.19545135,0.34422875,0.51491737
Croatia,13,4,8,0.52728713,0.52690841,0.84332074,0.57432145,Croatian National Bank,1,,0.00000000,0.47576484,0.57520541
Bahrain,12,2,5,0.37973727,0.33605983,0.67273151,0.44440235,Central Bank of Bahrain,2,0.03596212,0.05085812,0.30624728,0.46092531
Bosnia and Herzegovina,12,4,8,0.33897420,0.34728683,0.67053602,0.34917019,Central Bank of Bosnia and Herzegovina,0,,,0.26574581,0.40548308
Colombia,11,5,5,0.52924430,0.52949413,0.82542117,0.61474064,Central Bank of Colombia,1,,0.00000000,0.44368170,0.59081719
Brazil,10,5,7,0.52131770,0.54162414,0.74867646,0.48823227,Central Bank of Brazil,1,,0.00000000,0.41935875,0.61488220
The Bahamas,10,2,5,0.38306585,0.36738471,0.71339871,0.46329549,Central Bank of The Bahamas,1,,0.00000000,0.31126186,0.45950693
Malawi,10,5,7,0.47425589,0.47035389,0.72086560,0.56141891,Reserve Bank of Malawi,1,,0.00000000,0.35336728,0.57335426
Latvia,10,4,9,0.38369481,0.38003405,0.73193722,0.52609248,Bank of Latvia,0,,,0.33216164,0.44133647
Nepal,10,3,5,0.34866357,0.31416435,0.68213151,0.55701985,Central Bank of Nepal,2,0.00007567,0.00010702,0.27883660,0.41978883
Hungary,9,4,6,0.51362616,0.47255332,0.83769364,0.53310283,Magyar Nemzeti Bank,1,,0.00000000,0.45197985,0.57249908
Solomon Islands,8,4,6,0.43208490,0.44096697,0.72471316,0.56062493,Central Bank of Solomon Islands,0,,,0.31519973,0.55156539
Seychelles,7,1,4,0.32483124,0.25440612,0.48867370,0.47842306,Central Bank of Seychelles,1,,0.00000000,0.21606284,0.48607991
Algeria,6,3,4,0.50176052,0.55246953,0.80028146,0.56606920,Bank of Algeria,0,,,0.38290001,0.58412995
Eswatini,6,2,2,0.45054875,0.45874992,0.68142257,0.56364304,Central Bank of Eswatini,1,,0.00000000,0.28538278,0.59510860
Slovakia,5,5,4,0.44072314,0.44778366,0.80866066,0.51163220,National Bank of Slovakia,0,,,0.34677431,0.52654287
United Arab Emirates,4,1,3,0.53783425,0.54330294,0.85258145,0.65709756,Central Bank of the United Arab Emirates,0,,,0.46408293,0.60611687
Morocco,4,1,3,0.29365402,0.27101225,0.52637020,0.42857391,Bank of Morocco,0,,,0.12437681,0.48557301
Sierra Leone,4,3,4,0.37236918,0.34097278,0.53324427,0.59852377,Bank of Sierra Leone,0,,,0.16372386,0.61241089
Kuwait,4,2,4,0.41194260,0.34924342,0.65021429,0.63726964,Central Bank of Kuwait,0,,,0.29908189,0.58750249
Mozambique,3,2,2,0.48650393,0.48069122,0.85244214,0.39231127,Bank of Mozambique,0,,,0.38839629,0.55384660
Maldives,3,2,2,0.38811555,0.43173892,0.61533480,0.46528685,Maldives Monetary Authority,0,,,0.11193551,0.55769445
Liberia,2,1,1,0.35481030,0.35481030,0.70962060,0.58754576,Central Bank of Liberia,0,,,0.32003714,0.38958346
Cambodia,2,2,2,0.36112754,0.36112754,0.72225509,0.52129875,National Bank of Cambodia,0,,,0.28050143,0.44175366
Vanuatu,1,1,1,0.37929120,0.37929120,0.75858240,0.47390591,Reserve Bank of Vanuatu,0,,,0.37929120,0.37929120
Uruguay,1,1,1,0.29318411,0.29318411,0.58636822,0.45969381,Central Bank of Uruguay,0,,,0.29318411,0.29318411
Guyana,1,1,1,0.74246858,0.74246858,0.51506285,0.44754093,Bank of Guyana,0,,,0.74246858,0.74246858
Guatemala,1,1,1,0.48759719,0.48759719,0.97519438,0.65134369,Bank of Guatemala,0,,,0.48759719,0.48759719
Samoa,1,1,1,0.23134553,0.23134553,0.46269106,0.65245984,Central Bank of Samoa,0,,,0.23134553,0.23134553
Jordan,1,1,1,0.49340692,0.49340692,0.98681385,0.23010659,Central Bank of Jordan,0,,,0.49340692,0.49340692
Kazakhstan,1,1,1,0.44565777,0.44565777,0.89131554,0.63524574,National Bank of Kazakhstan,0,,,0.44565777,0.44565777
Tanzania,1,1,1,0.56818410,0.56818410,0.86363181,0.64827103,Bank of Tanzania,0,,,0.56818410,0.56818410
Bolivia,1,1,1,0.44526160,0.44526160,0.89052320,0.28653975,Central Bank of Bolivia,0,,,0.44526160,0.44526160
The Gambia,1,1,1,0.34712645,0.34712645,0.69425291,0.58303004,Central Bank of The Gambia,0,,,0.34712645,0.34712645
